1;aleksandra;aleksandra;Aleksandra;Mitro;062345678;aleks@gmail.com
2;pedja;pedja;Predrag;Despotovic;063817234;pedja@gmail.com
3;nikola;nikola;Nikola;Matijevic;06345678;nikola@gmail.com
4;marko;marko;Marko;Todorcevic;063215678;marko@gmail.com
5;ivana;ivana;Ivana;Ivanovic;061234567;ivana@gmail.com
6;petar;petar;Petar;Petrovic;061234567;petar@gmail.com
7;sava;sava;Sava;Savovic;061287695;sava@gmail.com
8;sanja;sanja;Sanja;Sanjic;067421453;sanja@gmail.com